engine,cycle,setting_1,setting_2,(LPC outlet temperature) (◦R),(HPC outlet temperature) (◦R),(LPT outlet temperature) (◦R),(HPC outlet pressure) (psia),(Physical fan speed) (rpm),(Physical core speed) (rpm),(HPC outlet Static pressure) (psia),(Ratio of fuel flow to Ps30) (pps/psia),(Corrected fan speed) (rpm),(Bypass Ratio) ,(Bleed Enthalpy),(High-pressure turbines Cool air flow),(Low-pressure turbines Cool air flow)
1,1,34.9983,0.84,555.32,1358.61,1137.23,194.64,2222.65,8341.91,42.02,183.06,2387.72,9.3461,334,14.73,8.8071
1,2,41.9982,0.8408,549.9,1353.22,1125.78,138.51,2211.57,8303.96,42.2,130.42,2387.66,9.3774,330,10.41,6.2665
1,3,24.9988,0.6218,537.31,1256.76,1047.45,175.71,1915.11,8001.42,36.69,164.22,2028.03,10.8941,309,14.08,8.6723
1,4,42.0077,0.8416,549.51,1354.03,1126.38,138.46,2211.58,8303.96,41.96,130.72,2387.61,9.3528,329,10.59,6.4701
1,5,25.0005,0.6203,537.07,1257.71,1047.93,175.05,1915.1,7993.23,36.89,164.31,2028.0,10.8963,309,14.13,8.5286
1,6,25.0045,0.6205,537.02,1266.38,1048.72,175.17,1915.15,7996.1,36.78,164.27,2028.01,10.8912,306,14.28,8.559
1,7,42.0043,0.8409,549.74,1347.45,1127.19,138.71,2211.62,8307.75,42.19,130.49,2387.69,9.3753,330,10.62,6.4227
1,8,20.002,0.7002,607.44,1481.69,1252.36,334.41,2323.87,8709.12,44.27,315.11,2387.99,9.2369,365,24.33,14.7989
1,9,41.9995,0.8407,549.33,1348.23,1127.45,138.06,2211.61,8312.33,42.3,130.97,2387.62,9.3878,331,10.69,6.3802
1,10,42.0011,0.84,549.33,1356.4,1127.11,138.7,2211.56,8302.31,42.02,130.5,2387.62,9.3957,329,10.57,6.2847
1,11,42.0029,0.84,549.81,1352.72,1126.23,137.81,2211.59,8301.22,42.05,130.41,2387.64,9.3871,331,10.51,6.3394
1,12,0.0015,0.001,642.7,1585.52,1402.63,553.93,2388.12,9038.84,47.34,521.29,2388.16,8.3892,393,39.04,23.2694
1,13,20.0003,0.7,607.67,1488.74,1256.1,335.33,2323.87,8710.39,44.43,314.77,2388.04,9.1968,365,24.4,14.7202
1,14,42.002,0.8407,549.47,1352.69,1121.2,138.6,2211.59,8312.22,42.11,130.6,2387.69,9.3905,330,10.69,6.323
1,15,10.0038,0.2513,604.57,1501.72,1305.97,395.21,2318.87,8765.1,45.49,372.03,2388.14,8.6079,369,28.54,17.1272
1,16,35.0053,0.8419,555.56,1362.41,1126.95,194.44,2222.76,8336.74,41.74,182.78,2387.76,9.3232,332,14.96,8.9446
1,17,25.0077,0.6217,536.25,1260.07,1053.0,175.21,1915.12,8005.82,36.73,164.53,2028.03,10.8616,307,14.07,8.5935
1,18,34.9996,0.8404,555.45,1365.15,1135.62,193.77,2222.7,8336.57,41.98,182.72,2387.72,9.3419,334,14.99,8.9676
1,19,42.0018,0.84,549.07,1349.47,1134.82,138.72,2211.59,8300.02,42.02,130.42,2387.63,9.3798,332,10.49,6.4195
1,20,20.002,0.7015,607.9,1482.44,1255.75,334.43,2323.94,8708.9,44.43,314.85,2388.08,9.2623,366,24.46,14.6601
1,21,42.0028,0.8403,549.68,1350.29,1130.26,137.93,2211.59,8303.44,42.28,129.98,2387.62,9.3824,331,10.56,6.3982
1,22,42.0043,0.8419,549.58,1352.73,1129.43,138.79,2211.58,8300.2,42.01,130.79,2387.72,9.3587,330,10.58,6.4241
1,23,41.9987,0.8416,549.44,1347.47,1126.3,138.55,2211.59,8300.28,41.97,130.48,2387.76,9.3398,331,10.56,6.4308
1,24,42.0011,0.84,550.18,1352.82,1127.92,138.21,2211.59,8308.75,42.03,130.17,2387.64,9.3807,332,10.48,6.3598
1,25,42.0063,0.84,549.42,1350.32,1122.44,139.02,2211.59,8306.69,42.25,130.73,2387.64,9.348,332,10.55,6.4923
1,26,42.0001,0.8402,549.36,1357.42,1125.15,138.68,2211.71,8308.9,42.16,130.42,2387.67,9.3704,331,10.62,6.3448
1,27,25.0058,0.6206,537.01,1263.21,1048.03,176.05,1915.13,7998.23,36.77,164.3,2027.94,10.9077,308,14.27,8.6005
1,28,0.0022,0.0,643.04,1589.28,1403.5,554.08,2388.13,9037.52,47.65,521.17,2388.14,8.4871,392,38.93,23.2184
1,29,0.0007,0.0,642.48,1599.79,1415.68,553.49,2388.1,9039.24,47.33,521.33,2388.07,8.4545,390,38.73,23.1713
1,30,20.006,0.7011,607.78,1485.69,1244.78,334.53,2323.89,8713.7,44.35,314.92,2388.06,9.2372,365,24.43,14.6832
1,31,10.005,0.25,605.13,1504.85,1310.94,394.19,2318.93,8760.33,45.41,371.28,2388.16,8.6276,368,28.5,17.0825
1,32,10.0038,0.25,604.69,1509.93,1317.2,394.21,2318.93,8763.76,45.32,372.0,2388.1,8.6558,369,28.65,17.2355
1,33,0.0028,0.0,643.13,1583.81,1404.98,553.55,2388.11,9039.84,47.61,521.55,2388.13,8.4411,393,39.01,23.2935
1,34,0.0012,0.0008,642.24,1587.04,1406.72,553.6,2388.15,9036.68,47.57,521.15,2388.13,8.4196,392,39.02,23.2997
1,35,10.0066,0.251,605.25,1504.23,1306.63,394.24,2319.01,8765.65,45.48,371.35,2388.15,8.6566,368,28.74,17.1825
1,36,25.005,0.62,536.95,1271.16,1051.62,175.67,1915.18,7998.94,36.91,164.61,2027.94,10.8817,307,14.25,8.6697
1,37,10.0076,0.25,604.84,1500.86,1311.0,394.31,2318.93,8764.83,45.41,371.34,2388.15,8.6536,369,28.4,17.1937
1,38,24.9987,0.62,536.76,1261.64,1045.94,176.01,1915.16,8003.33,36.82,164.32,2027.95,10.9054,306,14.23,8.5581
1,39,24.9981,0.6211,536.66,1267.66,1057.66,176.03,1915.13,7994.34,36.57,164.19,2027.95,10.9318,307,14.44,8.6205
1,40,10.0065,0.25,605.17,1505.09,1312.97,394.37,2318.94,8770.13,45.57,371.16,2388.16,8.6373,370,28.55,17.0936
1,41,25.0051,0.6211,536.74,1261.81,1048.78,175.76,1915.12,7997.12,36.95,164.97,2028.03,10.8998,307,14.37,8.5433
1,42,35.0029,0.84,555.34,1365.14,1136.45,194.88,2222.69,8335.88,41.9,182.74,2387.72,9.3769,334,14.66,8.874
1,43,42.0037,0.8409,549.78,1350.28,1127.59,138.88,2211.61,8309.94,41.95,131.44,2387.65,9.3745,331,10.58,6.3839
1,44,0.0002,0.0,642.57,1582.9,1405.22,552.97,2388.16,9037.76,47.65,521.63,2388.16,8.4635,393,38.81,23.2704
1,45,35.0033,0.84,555.28,1370.22,1129.04,194.41,2222.66,8338.36,41.91,182.67,2387.74,9.3577,334,14.82,9.0246
1,46,42.0046,0.84,549.44,1354.85,1125.95,138.16,2211.61,8309.66,42.15,130.9,2387.63,9.3717,331,10.63,6.3498
1,47,10.0049,0.25,605.01,1500.08,1309.65,394.09,2318.95,8763.1,45.52,371.27,2388.23,8.6394,371,28.57,17.1489
1,48,0.0004,0.0014,643.26,1588.58,1402.51,552.61,2388.16,9037.94,47.54,521.5,2388.12,8.4318,392,38.89,23.3464
1,49,41.9986,0.8402,549.93,1354.55,1132.5,138.81,2211.6,8305.4,42.11,130.12,2387.7,9.3749,330,10.44,6.4362
1,50,35.0059,0.8401,554.89,1369.48,1126.96,195.16,2222.7,8335.17,41.93,182.99,2387.77,9.3186,334,14.85,8.9934
1,51,24.9994,0.621,536.75,1263.03,1051.85,175.05,1915.11,7995.32,36.63,164.42,2027.98,10.8934,306,14.22,8.6027
1,52,42.0015,0.8404,549.86,1354.41,1129.39,138.47,2211.53,8298.45,42.04,130.76,2387.65,9.3789,331,10.53,6.3364
1,53,10.0061,0.25,605.05,1501.82,1311.23,394.68,2318.99,8759.83,45.29,371.26,2388.21,8.6412,371,28.49,17.1087
1,54,0.002,0.0,642.82,1587.15,1399.85,552.86,2388.1,9034.62,47.64,521.56,2388.05,8.4297,393,38.88,23.254
1,55,0.0018,0.0,642.91,1587.27,1404.67,553.61,2388.12,9043.32,47.52,521.06,2388.1,8.5013,392,38.86,23.2777
1,56,42.0043,0.84,549.51,1345.58,1135.74,138.52,2211.57,8304.33,42.23,130.29,2387.59,9.3868,332,10.59,6.4427
1,57,20.0046,0.7003,606.65,1486.48,1255.67,334.77,2323.93,8713.81,44.4,314.39,2388.05,9.2407,365,24.68,14.6122
1,58,35.0031,0.84,555.58,1371.01,1133.15,193.74,2222.67,8334.28,42.06,182.41,2387.75,9.3193,334,14.73,8.8635
1,59,42.0053,0.8412,549.36,1352.92,1125.09,138.73,2211.56,8303.55,42.2,130.35,2387.66,9.368,330,10.45,6.3491
1,60,25.002,0.62,537.03,1262.69,1047.52,175.0,1915.12,7999.59,36.74,164.32,2028.02,10.8843,308,14.31,8.6567
1,61,20.0011,0.7,607.51,1481.61,1253.1,334.33,2323.98,8707.14,44.47,315.14,2388.06,9.2412,367,24.53,14.6998
1,62,0.0029,0.0,643.24,1591.46,1405.31,553.34,2388.14,9040.41,47.54,521.83,2388.21,8.4424,392,38.83,23.1994
1,63,41.9992,0.8413,550.1,1355.17,1123.54,138.41,2211.53,8311.01,42.27,130.96,2387.6,9.362,331,10.36,6.3852
1,64,35.0052,0.8406,555.71,1359.17,1129.99,193.78,2222.73,8340.5,42.2,183.37,2387.79,9.3277,334,14.76,8.8812
1,65,0.0016,0.0006,642.62,1596.62,1404.65,553.42,2388.18,9040.81,47.55,521.0,2388.11,8.4554,394,38.73,23.1253
1,66,35.0053,0.84,555.55,1371.45,1128.96,194.45,2222.68,8341.42,42.25,182.98,2387.74,9.3331,334,14.92,8.8907
1,67,10.0015,0.25,605.01,1504.34,1311.13,392.95,2318.99,8763.55,45.64,371.09,2388.19,8.6675,372,28.47,17.1321
1,68,0.0,0.0,642.88,1586.74,1409.1,554.08,2388.1,9043.13,47.58,521.51,2388.15,8.478,394,38.9,23.2609
1,69,0.0009,0.0009,642.48,1591.9,1409.85,552.82,2388.15,9042.91,47.63,521.43,2388.08,8.4428,392,38.9,23.2975
1,70,42.0024,0.8411,549.91,1352.21,1125.0,139.43,2211.62,8303.98,42.04,130.67,2387.57,9.3926,330,10.53,6.4002
1,71,20.0074,0.7,607.44,1482.17,1253.33,334.53,2323.93,8712.14,44.5,314.82,2388.01,9.2346,365,24.4,14.6559
1,72,25.0057,0.62,536.96,1260.81,1040.99,175.52,1915.1,7996.85,36.92,164.35,2028.03,10.8678,307,14.24,8.6689
1,73,25.0025,0.6217,536.57,1260.77,1050.42,176.3,1915.13,8004.96,36.85,164.95,2028.04,10.8815,308,14.16,8.6025
1,74,20.0033,0.702,607.16,1485.05,1253.12,334.09,2323.95,8704.89,44.36,314.49,2388.09,9.2487,366,24.33,14.689
1,75,25.0039,0.62,536.43,1258.23,1049.25,175.13,1915.07,7995.45,36.81,164.46,2027.99,10.894,308,14.19,8.5761
1,76,25.0023,0.62,537.02,1268.7,1049.71,176.05,1915.11,8003.74,36.81,164.05,2028.03,10.9035,308,14.2,8.6043
1,77,42.0008,0.8405,549.99,1356.65,1129.01,137.8,2211.59,8304.05,42.07,130.41,2387.63,9.3571,330,10.59,6.4279
1,78,25.0024,0.62,536.41,1262.7,1048.63,175.2,1915.15,8000.19,36.71,164.53,2027.99,10.9131,308,14.15,8.5599
1,79,42.0017,0.84,549.7,1354.71,1120.3,138.79,2211.6,8303.68,42.15,130.63,2387.63,9.3851,333,10.71,6.3779
1,80,42.0037,0.84,549.39,1362.36,1135.78,138.94,2211.57,8304.73,42.19,130.11,2387.63,9.4237,330,10.61,6.4276
1,81,20.0011,0.7,607.61,1491.73,1263.49,335.04,2323.94,8708.2,44.52,314.39,2388.05,9.2411,366,24.45,14.6586
1,82,0.0027,0.0008,643.26,1588.99,1407.97,552.85,2388.2,9039.16,47.84,521.02,2388.16,8.4342,395,38.63,23.2127
1,83,42.0068,0.84,549.11,1352.66,1135.18,138.17,2211.6,8301.72,42.07,130.25,2387.66,9.3919,332,10.39,6.2655
1,84,41.9983,0.84,549.65,1352.66,1134.46,138.3,2211.59,8300.56,42.26,130.73,2387.66,9.3779,332,10.64,6.4574
1,85,0.0,0.0011,642.74,1587.82,1409.12,553.48,2388.1,9041.37,47.68,521.22,2388.2,8.4494,393,38.88,23.2781
1,86,42.0045,0.84,549.23,1357.31,1129.9,138.09,2211.6,8307.89,42.1,130.21,2387.58,9.3934,332,10.58,6.2943
1,87,42.0024,0.8413,549.92,1353.15,1123.53,138.61,2211.56,8309.33,42.3,130.28,2387.61,9.3545,331,10.49,6.3436
1,88,35.0043,0.8416,555.62,1368.09,1125.3,194.0,2222.68,8338.97,42.1,182.76,2387.78,9.383,335,14.61,8.8893
1,89,9.9995,0.2514,605.25,1504.64,1312.96,393.97,2319.06,8763.25,45.65,371.25,2388.2,8.6515,369,28.72,17.1524
1,90,0.0003,0.0,642.95,1588.98,1409.61,553.31,2388.13,9041.44,47.61,520.9,2388.14,8.4451,396,38.74,23.1633
1,91,25.0027,0.62,536.99,1266.82,1051.87,175.02,1915.11,8001.0,36.97,165.07,2028.02,10.9231,308,14.17,8.5937
1,92,41.9984,0.8411,548.99,1352.89,1137.5,138.58,2211.59,8317.33,42.26,130.61,2387.58,9.3743,332,10.54,6.3763
1,93,20.0005,0.7009,608.0,1486.6,1260.39,334.76,2323.95,8717.43,44.58,314.62,2388.08,9.2455,366,24.43,14.6864
1,94,41.9992,0.84,550.1,1353.17,1126.68,139.02,2211.61,8305.16,42.11,129.63,2387.68,9.436,331,10.67,6.3511
1,95,35.0058,0.8403,555.64,1369.57,1136.49,193.87,2222.64,8339.32,42.0,182.37,2387.76,9.3649,335,14.8,8.8716
1,96,42.0062,0.8402,549.65,1358.37,1125.38,139.0,2211.54,8308.02,42.2,130.49,2387.55,9.3981,330,10.49,6.3469
1,97,42.0015,0.8413,549.43,1354.86,1127.44,138.91,2211.66,8314.36,42.39,130.44,2387.63,9.3681,329,10.75,6.3409
1,98,0.0025,0.0015,643.26,1593.43,1409.77,553.19,2388.13,9048.15,47.49,521.22,2388.17,8.4587,395,38.62,23.3025
1,99,10.0051,0.2502,604.97,1501.19,1309.55,393.8,2319.04,8763.64,45.62,371.05,2388.25,8.6636,369,28.53,17.1145
1,100,20.0027,0.7,607.6,1488.43,1259.11,333.85,2323.93,8704.26,44.83,314.17,2388.06,9.249,367,24.51,14.6742
1,101,42.0021,0.84,549.99,1349.48,1135.38,138.37,2211.56,8308.89,42.19,130.44,2387.62,9.3842,330,10.5,6.4038
1,102,35.0063,0.84,555.9,1376.66,1139.31,194.2,2222.67,8342.95,42.19,182.22,2387.77,9.3595,334,14.86,8.8523
1,103,20.0057,0.701,607.32,1495.89,1258.36,334.38,2323.93,8704.52,44.51,314.23,2388.13,9.2488,366,24.22,14.7405
1,104,35.0078,0.84,556.29,1362.75,1129.45,194.42,2222.7,8337.45,42.13,182.92,2387.77,9.3655,335,14.81,8.9265
1,105,20.0052,0.7,607.04,1487.94,1261.08,334.66,2323.99,8712.03,44.71,314.16,2388.1,9.258,364,24.37,14.5177
1,106,0.0008,0.0019,643.12,1590.38,1414.45,552.97,2388.16,9041.7,47.65,520.52,2388.12,8.4556,394,38.68,23.2542
1,107,35.0037,0.8411,555.85,1365.7,1139.21,193.72,2222.69,8344.36,42.1,183.02,2387.8,9.3838,337,14.85,8.9967
1,108,41.9998,0.8414,550.09,1362.34,1133.92,137.57,2211.58,8316.05,42.25,130.73,2387.7,9.3829,331,10.42,6.3999
1,109,41.9991,0.8419,549.88,1360.26,1137.95,138.15,2211.59,8309.36,42.32,130.97,2387.66,9.3712,332,10.47,6.3742
1,110,20.0074,0.7019,607.79,1489.6,1267.13,333.74,2323.96,8709.6,44.57,314.53,2388.03,9.2481,368,24.3,14.6406
1,111,0.0027,0.0017,643.25,1595.96,1419.21,552.63,2388.18,9046.69,47.84,520.65,2388.18,8.4483,393,38.47,23.1974
1,112,42.0049,0.84,549.91,1360.02,1137.89,138.53,2211.46,8306.58,42.35,130.77,2387.58,9.4154,331,10.64,6.4053
1,113,0.0013,0.0,642.6,1592.73,1418.58,552.23,2388.17,9051.13,47.67,520.45,2388.21,8.4546,392,38.74,23.2
1,114,35.0026,0.84,556.07,1364.28,1136.49,194.18,2222.74,8341.01,42.28,182.57,2387.83,9.3308,335,14.78,8.7806
1,115,20.0045,0.7013,608.28,1481.57,1267.61,333.01,2323.98,8716.68,44.62,314.63,2388.13,9.3039,368,24.2,14.5302
1,116,24.998,0.62,536.47,1267.58,1058.31,174.62,1915.12,8004.86,36.86,164.87,2027.97,10.9242,309,14.06,8.7042
1,117,25.0,0.6219,536.52,1263.31,1048.66,175.33,1915.14,7997.68,37.01,164.11,2028.0,10.952,309,14.22,8.5179
1,118,35.003,0.84,555.76,1373.37,1140.43,194.35,2222.68,8343.6,42.21,182.88,2387.77,9.3875,335,14.83,8.9242
1,119,25.0056,0.62,537.29,1266.53,1061.97,175.01,1915.11,7998.7,36.85,164.87,2027.95,10.9068,307,14.31,8.5953
1,120,34.9991,0.8409,555.99,1369.65,1144.41,193.68,2222.68,8342.06,42.44,182.38,2387.85,9.3749,335,14.79,8.8366
1,121,10.0062,0.2512,605.22,1509.78,1308.64,393.39,2319.09,8764.85,45.71,370.99,2388.3,8.7223,371,28.51,17.0759
1,122,0.0022,0.0019,643.12,1597.91,1422.4,552.44,2388.21,9044.86,47.79,520.1,2388.23,8.4731,395,38.91,23.2788
1,123,20.0003,0.7,607.84,1491.05,1257.21,334.88,2324.0,8712.6,44.92,314.37,2388.15,9.3054,366,24.55,14.6129
1,124,42.0048,0.8414,550.12,1356.97,1139.01,137.97,2211.61,8309.64,42.37,129.9,2387.64,9.4158,331,10.65,6.2579
1,125,42.0071,0.84,549.86,1354.22,1135.64,138.59,2211.51,8314.42,42.39,129.49,2387.57,9.4221,332,10.4,6.3026
1,126,10.0062,0.2516,605.58,1513.22,1330.39,393.66,2319.12,8769.0,45.76,370.45,2388.31,8.7116,372,28.42,17.1031
1,127,10.0037,0.2519,605.0,1515.55,1315.4,393.56,2319.08,8774.03,45.86,371.11,2388.28,8.7248,372,28.31,17.0151
1,128,0.002,0.0,643.07,1607.03,1429.4,552.3,2388.26,9041.28,47.96,520.63,2388.21,8.4948,396,38.69,23.1347
1,129,10.0024,0.2506,605.81,1505.05,1320.72,393.52,2319.06,8768.69,45.81,371.22,2388.4,8.7153,370,28.23,17.0874
1,130,42.0003,0.84,550.31,1365.09,1135.81,138.12,2211.53,8309.2,42.52,130.12,2387.59,9.4074,332,10.53,6.3195
1,131,24.998,0.62,537.45,1265.45,1055.07,175.09,1915.1,8001.26,37.17,164.14,2027.98,10.9495,308,13.93,8.4511
1,132,20.0076,0.7,608.17,1498.8,1265.93,333.59,2324.01,8719.63,44.92,314.62,2388.13,9.3285,366,24.2,14.6086
1,133,42.0046,0.8416,549.9,1358.5,1131.5,138.2,2211.48,8306.47,42.45,130.02,2387.47,9.4478,331,10.51,6.2807
1,134,35.0067,0.8403,556.74,1367.93,1137.16,193.89,2222.72,8341.96,42.5,182.91,2387.75,9.402,335,14.92,8.7454
1,135,10.001,0.25,605.79,1505.33,1323.98,393.74,2319.07,8768.57,45.94,370.32,2388.29,8.7483,370,28.38,16.929
1,136,20.0047,0.7,608.47,1499.76,1262.28,333.37,2324.0,8716.39,44.74,313.73,2388.17,9.3026,367,24.56,14.4707
1,137,20.0075,0.7003,607.89,1487.05,1265.49,334.05,2324.01,8708.92,44.74,313.72,2388.18,9.2855,367,24.2,14.6084
1,138,10.0,0.25,605.39,1517.51,1325.31,393.49,2319.13,8768.23,45.87,370.44,2388.34,8.7529,371,28.3,17.0501
1,139,41.9986,0.8408,549.88,1361.61,1139.52,138.54,2211.5,8319.48,42.66,129.51,2387.57,9.4664,332,10.52,6.2593
1,140,35.0069,0.8406,556.36,1376.07,1139.35,194.98,2222.62,8340.82,42.43,182.95,2387.7,9.397,338,14.68,8.7953
1,141,34.9991,0.841,556.33,1375.95,1144.21,193.8,2222.7,8346.71,42.54,182.67,2387.76,9.4441,339,14.61,8.9616
1,142,20.0025,0.7,608.28,1497.31,1270.91,333.35,2324.03,8714.75,44.99,314.28,2388.15,9.2781,367,24.13,14.6524
1,143,35.0014,0.84,556.56,1374.08,1145.42,194.12,2222.65,8340.36,42.43,182.57,2387.71,9.4254,335,14.71,8.9133
1,144,0.0017,0.0018,643.02,1601.91,1429.43,551.92,2388.27,9040.24,48.09,520.24,2388.32,8.5092,395,38.27,23.1236
1,145,35.0007,0.8402,556.59,1376.19,1152.04,193.05,2222.67,8338.92,42.4,182.61,2387.77,9.4189,338,14.72,8.824
1,146,10.0006,0.2516,605.94,1511.92,1326.5,393.18,2319.23,8770.07,46.18,370.52,2388.43,8.7345,372,28.16,16.9984
1,147,25.0005,0.62,537.5,1268.62,1057.88,174.77,1915.02,8001.23,37.41,164.56,2027.97,10.9764,310,14.34,8.4476
1,148,0.0024,0.0013,643.73,1605.33,1425.76,551.69,2388.31,9039.84,48.07,519.76,2388.31,8.524,397,38.55,23.0079
1,149,42.0017,0.8414,550.49,1366.01,1149.81,137.76,2211.38,8307.72,42.77,129.55,2387.4,9.4765,332,10.45,6.2285
2,1,0.0025,0.0,642.04,1588.91,1404.3,552.8,2388.02,9063.58,47.36,521.38,2388.09,8.4285,393,38.88,23.2326
2,2,35.0058,0.84,556.13,1363.81,1124.7,194.62,2223.04,8354.83,42.01,183.06,2388.12,9.3332,334,14.86,8.9052
2,3,0.002,0.0,642.76,1588.03,1407.73,553.13,2388.07,9063.35,47.39,521.91,2388.09,8.4273,393,38.73,23.2169
2,4,41.9998,0.84,549.96,1348.36,1122.03,138.79,2212.06,8321.27,41.89,130.11,2388.18,9.3489,331,10.68,6.4105
2,5,0.0024,0.002,642.21,1586.67,1407.04,553.86,2388.03,9061.96,47.4,521.48,2388.04,8.4242,391,39.03,23.4084
2,6,20.0033,0.7001,607.11,1481.72,1248.71,335.2,2323.96,8729.45,44.47,315.37,2388.16,9.2362,364,24.41,14.6687
2,7,10.0047,0.25,604.86,1505.35,1310.27,394.1,2318.92,8790.67,45.28,371.47,2388.1,8.667,369,28.61,17.1675
2,8,0.0021,0.0,642.31,1581.99,1405.72,554.92,2388.05,9064.63,47.4,521.73,2388.01,8.4187,392,39.0,23.4171
2,9,10.0032,0.2514,604.81,1495.56,1305.39,394.87,2318.98,8782.01,45.34,371.78,2388.1,8.6771,368,28.69,17.1786
2,10,25.0001,0.62,536.87,1263.73,1044.97,175.78,1915.45,8016.44,36.71,164.47,2028.36,10.8924,305,14.28,8.508
2,11,10.0009,0.25,604.4,1496.15,1307.82,394.65,2318.88,8779.67,45.41,371.46,2388.11,8.6813,368,28.56,17.2614
2,12,42.0057,0.8413,549.44,1354.31,1127.54,139.22,2212.0,8321.45,42.05,130.45,2388.08,9.3344,332,10.63,6.2389
2,13,42.0072,0.8415,549.7,1349.5,1126.37,139.17,2212.03,8325.22,42.09,130.53,2388.16,9.3575,330,10.5,6.3702
2,14,0.0009,0.0,642.19,1584.74,1400.46,553.22,2388.08,9069.03,47.47,521.57,2388.1,8.4366,392,39.07,23.4123
2,15,42.0066,0.8418,549.25,1350.47,1129.38,139.19,2212.04,8321.55,42.03,130.74,2388.09,9.3482,332,10.51,6.3607
2,16,0.0016,0.0,642.05,1584.18,1402.85,553.84,2388.08,9060.64,47.38,521.38,2388.05,8.4667,393,38.94,23.3335
2,17,9.9988,0.2504,604.04,1497.06,1313.28,394.27,2318.91,8794.3,45.41,371.7,2388.09,8.6804,368,28.63,17.0145
2,18,42.0035,0.84,549.75,1353.68,1122.27,138.95,2211.96,8323.2,41.86,130.61,2388.11,9.3826,329,10.64,6.4294
2,19,35.0027,0.84,556.15,1369.51,1130.29,194.61,2223.09,8361.69,41.86,182.96,2388.19,9.3259,334,14.75,8.9394
2,20,35.002,0.84,556.01,1366.15,1124.31,194.35,2223.1,8357.43,41.9,183.09,2388.18,9.33,334,14.89,8.7571
2,21,42.0026,0.8403,549.23,1351.49,1123.6,139.03,2212.06,8328.39,42.0,131.03,2388.08,9.3538,331,10.63,6.3981
2,22,42.0034,0.8412,548.94,1350.15,1126.44,138.82,2212.08,8332.65,42.18,130.86,2388.1,9.3864,330,10.65,6.3243
2,23,35.0033,0.84,556.06,1362.68,1122.25,194.39,2223.13,8359.48,41.89,183.07,2388.18,9.3181,333,14.94,8.9039
2,24,20.0042,0.7011,607.15,1482.68,1250.3,335.58,2324.0,8728.19,44.49,314.86,2388.16,9.2304,365,24.62,14.6853
2,25,42.0047,0.84,549.23,1350.6,1123.76,138.69,2211.94,8329.0,42.06,130.44,2388.06,9.3814,330,10.58,6.4372
2,26,42.0054,0.84,549.8,1359.01,1125.52,138.47,2212.06,8329.1,41.84,130.31,2388.09,9.372,330,10.67,6.3556
2,27,25.0018,0.6204,536.8,1258.35,1041.62,175.91,1915.46,8020.0,36.82,164.66,2028.39,10.8834,308,14.34,8.5547
2,28,42.0023,0.84,549.75,1355.35,1123.07,139.33,2211.99,8326.96,41.95,130.98,2388.0,9.3602,330,10.62,6.3142
2,29,0.0011,0.0,642.37,1590.06,1404.71,553.66,2388.09,9061.66,47.44,522.59,2388.07,8.419,391,39.04,23.3727
2,30,42.0009,0.84,549.59,1349.38,1125.87,138.46,2211.93,8328.24,42.23,130.7,2388.04,9.3754,329,10.53,6.3671
2,31,20.0012,0.7007,607.26,1475.22,1254.78,335.16,2324.0,8735.72,44.24,315.18,2388.12,9.1702,366,24.48,14.7078
2,32,42.0068,0.84,549.96,1354.0,1133.31,139.56,2212.05,8325.41,42.06,130.21,2388.16,9.3464,331,10.58,6.3633
2,33,20.004,0.7,607.09,1482.68,1256.34,334.48,2323.94,8736.98,44.23,315.57,2388.12,9.1938,364,24.61,14.7845
2,34,0.0024,0.0,642.47,1596.96,1401.32,553.52,2388.06,9063.22,47.51,521.57,2388.04,8.4111,394,38.88,23.3349
2,35,0.0029,0.0011,642.21,1588.21,1410.57,552.89,2388.06,9063.05,47.56,521.62,2388.06,8.4041,395,38.93,23.3773
2,36,41.9995,0.8404,549.31,1352.23,1118.35,138.57,2212.07,8329.81,42.0,131.2,2388.13,9.3349,331,10.67,6.4578
2,37,20.0,0.7,606.91,1487.11,1253.67,334.65,2323.96,8735.19,44.47,315.21,2388.18,9.2243,366,24.66,14.673
2,38,20.0013,0.7,607.91,1480.77,1247.22,334.53,2324.03,8732.31,44.12,315.58,2388.17,9.2041,364,24.54,14.7378
2,39,9.9992,0.25,604.66,1501.94,1305.22,394.53,2318.91,8790.33,45.43,371.86,2388.15,8.6386,368,28.58,17.2025
2,40,35.0032,0.8413,555.77,1361.42,1131.25,195.03,2223.07,8350.11,42.07,183.37,2388.13,9.312,333,15.01,8.8263
2,41,42.0074,0.8411,549.55,1352.85,1123.89,138.72,2212.04,8326.49,42.06,130.43,2388.02,9.3573,332,10.76,6.523
2,42,42.0067,0.8401,549.01,1357.86,1127.57,138.58,2212.06,8329.96,41.98,130.49,2388.13,9.3545,332,10.59,6.3099
2,43,35.0025,0.84,555.33,1369.64,1127.2,194.62,2223.01,8359.07,41.94,183.6,2388.16,9.3183,333,14.68,8.9617
2,44,20.0006,0.7,607.22,1485.64,1255.3,334.88,2324.04,8731.08,44.32,315.05,2388.12,9.2276,364,24.46,14.7283
2,45,20.0029,0.7006,607.58,1482.57,1248.2,334.43,2324.01,8733.44,44.35,315.49,2388.14,9.2257,364,24.51,14.6776
2,46,0.0023,0.0,642.67,1588.71,1406.63,554.41,2388.05,9057.55,47.38,522.03,2388.05,8.4212,393,38.95,23.3586
2,47,35.0045,0.84,555.73,1367.33,1135.83,194.26,2223.08,8360.88,41.82,183.59,2388.2,9.35,333,14.9,9.0047
2,48,25.0029,0.6208,536.7,1257.58,1045.96,175.73,1915.47,8014.54,36.68,164.34,2028.37,10.9116,308,14.32,8.5201
2,49,0.0029,0.0005,642.47,1584.53,1402.1,553.55,2388.06,9064.93,47.38,522.31,2388.05,8.4112,391,38.86,23.382
2,50,0.0,0.0019,642.48,1584.53,1399.74,554.59,2388.07,9064.93,47.46,521.9,2388.07,8.4519,390,38.84,23.4306
2,51,0.0003,0.0002,642.81,1587.59,1411.27,553.88,2388.06,9058.99,47.47,521.83,2388.05,8.419,393,38.78,23.3847
2,52,25.0035,0.6203,536.81,1262.6,1050.61,175.92,1915.43,8005.94,36.66,164.91,2028.35,10.8789,306,14.34,8.4604
2,53,9.9994,0.2519,604.59,1501.01,1309.51,394.92,2318.94,8788.43,45.36,372.02,2388.08,8.6691,370,28.53,17.1442
2,54,25.004,0.6206,537.08,1265.08,1050.62,175.2,1915.55,8013.06,36.7,164.42,2028.4,10.8931,308,14.45,8.5791
2,55,20.0007,0.7,607.7,1480.18,1248.5,334.73,2324.06,8738.24,44.07,315.15,2388.13,9.1934,365,24.56,14.6503
2,56,10.0038,0.2501,604.66,1501.86,1304.31,394.82,2318.9,8791.62,45.62,371.91,2388.12,8.6256,366,28.61,17.166
2,57,20.0065,0.7018,607.46,1484.37,1252.06,335.06,2323.97,8731.6,44.25,315.03,2388.14,9.212,365,24.4,14.7167
2,58,42.0046,0.8401,550.39,1351.33,1120.9,139.04,2212.02,8329.85,42.02,130.29,2388.17,9.3584,331,10.69,6.3918
2,59,0.0008,0.0009,642.47,1587.38,1409.88,553.27,2388.09,9067.12,47.27,521.27,2388.14,8.4161,392,38.75,23.4117
2,60,20.0072,0.7016,607.89,1480.05,1257.12,334.39,2324.01,8726.14,44.38,314.9,2388.15,9.2215,365,24.48,14.7642
2,61,41.9985,0.8407,549.58,1351.64,1133.12,139.05,2212.03,8325.92,42.14,130.07,2388.14,9.325,330,10.59,6.3635
2,62,42.0041,0.84,549.19,1354.98,1131.92,138.81,2212.07,8329.9,42.01,130.51,2388.19,9.358,330,10.74,6.3006
2,63,35.005,0.8411,555.48,1370.56,1128.59,195.39,2223.06,8359.65,41.84,182.41,2388.18,9.3151,334,14.84,8.9547
2,64,25.0014,0.62,536.28,1265.29,1045.03,175.05,1915.48,8014.85,36.76,163.94,2028.34,10.897,306,14.41,8.5902
2,65,24.9984,0.62,536.85,1267.64,1047.94,175.82,1915.41,8020.24,36.51,164.19,2028.39,10.9374,306,14.19,8.5448
2,66,42.0076,0.84,549.4,1356.45,1124.35,138.98,2212.01,8331.25,42.11,130.64,2388.12,9.3345,331,10.72,6.4082
2,67,25.0034,0.6219,536.3,1264.5,1044.17,175.51,1915.5,8017.53,36.61,164.6,2028.4,10.9044,306,14.27,8.586
2,68,20.007,0.7,607.43,1488.33,1257.82,334.52,2324.0,8738.58,44.21,315.12,2388.15,9.2456,363,24.5,14.6447
2,69,24.9993,0.62,537.19,1262.41,1046.0,175.8,1915.44,8018.86,36.84,164.77,2028.32,10.9357,307,14.32,8.5893
2,70,25.0032,0.62,536.7,1256.86,1049.27,175.61,1915.45,8012.9,36.8,164.73,2028.34,10.9207,307,14.44,8.5972
2,71,41.9993,0.8417,549.44,1354.17,1122.39,138.99,2212.06,8334.64,41.81,131.31,2388.14,9.3448,332,10.77,6.4066
2,72,19.9988,0.7,607.46,1484.74,1248.64,334.74,2324.05,8723.36,44.3,314.67,2388.13,9.2166,365,24.49,14.6977
2,73,0.0018,0.0007,642.24,1594.28,1403.14,554.48,2388.1,9069.24,47.46,521.9,2388.08,8.4353,392,38.82,23.4012
2,74,20.0053,0.7,607.31,1488.8,1250.84,334.6,2324.05,8733.09,44.17,314.71,2388.15,9.2363,364,24.47,14.6929
2,75,35.0013,0.84,555.15,1362.71,1130.65,193.9,2223.04,8359.71,41.95,183.75,2388.17,9.3663,333,14.87,8.7785
2,76,20.0002,0.7,607.12,1483.17,1248.87,334.83,2323.98,8728.21,44.41,315.24,2388.08,9.2023,365,24.45,14.7145
2,77,10.0047,0.2516,604.25,1505.64,1308.32,394.64,2318.89,8789.94,45.23,371.44,2388.08,8.6734,369,28.73,17.0905
2,78,20.0034,0.702,607.32,1491.19,1253.45,334.76,2324.06,8735.14,44.34,315.42,2388.16,9.2138,364,24.46,14.6636
2,79,0.0021,0.0017,642.6,1592.0,1403.47,553.67,2387.99,9072.89,47.42,521.95,2388.07,8.4228,393,38.92,23.2665
2,80,0.0003,0.0002,642.98,1586.92,1409.57,553.68,2388.05,9074.03,47.37,521.49,2388.07,8.4291,393,38.99,23.3614
2,81,42.0051,0.84,549.92,1355.37,1126.74,139.01,2212.05,8334.48,42.03,130.51,2388.18,9.3328,332,10.67,6.4998
2,82,10.0046,0.2508,605.04,1498.41,1311.46,394.68,2318.93,8786.21,45.52,371.29,2388.1,8.6366,369,28.5,17.1249
2,83,35.0035,0.842,555.78,1362.95,1127.15,194.21,2223.14,8358.63,42.01,182.91,2388.16,9.3204,335,14.88,8.9239
2,84,25.0067,0.62,536.64,1255.69,1050.91,175.55,1915.46,8022.46,36.83,164.31,2028.3,10.9288,305,14.28,8.6145
2,85,20.0022,0.7,607.54,1484.34,1253.49,334.71,2324.03,8733.25,44.3,315.42,2388.17,9.2154,365,24.5,14.721
2,86,0.0004,0.0,642.24,1591.82,1406.03,553.18,2388.12,9062.31,47.36,521.89,2388.06,8.4361,392,38.91,23.3869
2,87,42.0024,0.84,549.31,1354.22,1123.87,139.04,2212.01,8335.97,42.14,131.12,2388.12,9.3625,332,10.61,6.3421
2,88,24.9994,0.62,537.05,1265.9,1054.83,176.96,1915.47,8014.51,36.75,164.65,2028.38,10.8993,307,14.17,8.5963
2,89,24.9997,0.62,536.21,1263.14,1054.32,175.59,1915.54,8022.94,36.75,164.53,2028.42,10.873,308,14.32,8.4857
2,90,42.0041,0.8402,549.84,1352.45,1123.05,138.94,2212.08,8336.51,42.0,130.5,2388.16,9.3298,332,10.69,6.3996
2,91,25.0017,0.62,536.46,1262.32,1054.64,174.75,1915.53,8014.07,36.66,164.8,2028.45,10.9147,307,14.14,8.4671
2,92,42.0006,0.84,549.39,1358.44,1131.01,138.88,2212.05,8334.57,42.02,130.5,2388.18,9.3758,331,10.57,6.3396
2,93,10.0018,0.25,604.74,1496.94,1315.39,394.52,2318.97,8787.12,45.37,371.58,2388.15,8.6564,369,28.47,17.0003
2,94,42.0001,0.8405,549.68,1349.65,1123.95,138.61,2212.06,8324.13,42.05,130.37,2388.12,9.3712,331,10.5,6.2922
2,95,10.0019,0.2512,604.72,1504.25,1307.41,394.61,2318.93,8786.98,45.41,371.05,2388.14,8.6566,370,28.67,17.1521
2,96,25.0051,0.62,536.56,1266.69,1049.63,175.06,1915.45,8021.66,36.75,164.79,2028.4,10.9254,307,14.32,8.4915
2,97,25.0021,0.62,536.8,1263.72,1045.04,174.94,1915.46,8013.46,36.75,164.9,2028.39,10.9236,307,14.37,8.593
2,98,0.0021,0.0,642.33,1590.35,1410.98,553.2,2388.06,9067.11,47.41,521.62,2388.07,8.4294,392,38.99,23.3449
2,99,20.0066,0.7,607.34,1483.53,1251.91,334.93,2324.0,8732.86,44.33,315.22,2388.16,9.2121,365,24.59,14.7073
2,100,35.0019,0.84,555.95,1361.18,1128.03,194.89,2223.1,8359.47,41.9,182.83,2388.25,9.3283,336,14.87,8.9435
2,101,9.9989,0.2508,604.41,1499.35,1306.82,394.73,2318.92,8787.19,45.33,371.83,2388.13,8.6827,370,28.42,17.132
2,102,0.0013,0.001,642.42,1594.1,1400.69,553.6,2388.09,9071.05,47.67,521.67,2388.05,8.4025,392,38.84,23.3365
2,103,42.0054,0.84,550.01,1354.64,1128.8,138.61,2212.07,8326.87,41.91,130.66,2388.15,9.3632,332,10.78,6.3501
2,104,0.0001,0.0,642.18,1594.8,1409.61,554.5,2388.03,9071.98,47.4,522.22,2388.08,8.4376,392,38.9,23.4028
2,105,34.9997,0.841,555.77,1360.13,1136.41,194.98,2223.14,8357.17,41.86,182.76,2388.22,9.3094,336,14.95,8.7949
2,106,19.999,0.7019,607.12,1491.8,1251.87,335.18,2324.03,8727.25,44.25,314.98,2388.17,9.2513,364,24.32,14.7463
2,107,0.0019,0.0018,642.97,1590.45,1401.75,553.89,2388.08,9067.0,47.44,521.43,2388.06,8.4512,393,38.9,23.3643
2,108,9.9996,0.25,604.63,1494.94,1309.52,395.23,2318.92,8791.08,45.42,371.43,2388.15,8.6264,369,28.56,17.0807
2,109,35.0041,0.8412,555.96,1366.05,1128.15,194.63,2223.01,8356.03,41.81,183.41,2388.16,9.33,335,14.87,8.9615
2,110,25.0035,0.6204,536.55,1269.66,1047.89,175.42,1915.43,8017.36,36.84,164.5,2028.29,10.9046,306,14.37,8.5446
2,111,42.0017,0.8419,549.91,1354.89,1124.28,138.6,2212.09,8333.55,42.07,130.9,2388.16,9.3481,331,10.6,6.383
2,112,10.0076,0.25,604.96,1504.62,1309.77,394.01,2318.9,8789.0,45.6,371.53,2388.16,8.6596,369,28.47,17.176
2,113,10.0041,0.25,604.84,1507.21,1306.2,394.25,2318.91,8786.75,45.38,370.92,2388.15,8.6588,371,28.49,17.1942
2,114,25.0049,0.62,536.89,1253.86,1054.27,175.59,1915.44,8020.7,36.76,164.87,2028.36,10.9213,305,14.33,8.4976
2,115,41.9995,0.84,550.21,1350.64,1122.71,139.05,2212.11,8330.73,42.13,130.75,2388.2,9.3771,330,10.5,6.4345
2,116,35.004,0.84,555.47,1364.06,1132.79,195.23,2223.07,8360.96,41.95,183.07,2388.24,9.3049,336,14.87,9.0061
2,117,42.0043,0.84,549.55,1349.94,1126.34,138.5,2211.98,8330.5,42.11,130.59,2388.09,9.3835,331,10.81,6.3771
2,118,24.9982,0.6219,536.88,1261.06,1056.0,175.81,1915.42,8020.82,36.78,165.01,2028.33,10.9004,308,14.39,8.5364
2,119,24.9998,0.62,536.83,1267.79,1054.26,175.69,1915.42,8016.86,36.92,164.21,2028.31,10.9252,308,14.16,8.5542
2,120,25.0049,0.62,537.01,1267.73,1055.43,175.39,1915.49,8018.21,36.94,164.38,2028.36,10.8791,308,14.32,8.6073
2,121,25.0075,0.62,536.47,1262.47,1049.35,175.22,1915.47,8014.35,36.86,164.49,2028.37,10.8595,308,14.34,8.6515
2,122,10.0025,0.25,604.93,1504.94,1315.26,393.93,2318.93,8786.83,45.7,371.51,2388.15,8.6413,369,28.49,17.1947
2,123,42.002,0.8407,549.54,1355.73,1128.01,138.39,2212.12,8333.34,41.96,130.64,2388.15,9.3726,330,10.51,6.4257
2,124,10.0023,0.25,604.42,1494.52,1315.18,393.85,2319.01,8789.72,45.36,371.27,2388.14,8.6475,370,28.51,17.2233
2,125,19.9999,0.7007,607.4,1483.66,1249.17,334.61,2324.02,8734.23,44.33,314.35,2388.19,9.2201,365,24.44,14.6708
2,126,25.0033,0.62,536.91,1259.05,1053.96,176.12,1915.54,8023.34,36.84,164.49,2028.45,10.8978,308,14.17,8.4942
2,127,20.0009,0.7013,607.25,1480.13,1250.59,335.1,2324.04,8734.83,44.42,315.36,2388.2,9.255,363,24.5,14.6891
2,128,19.9984,0.7,607.82,1490.56,1249.77,335.17,2324.04,8730.21,44.38,314.83,2388.14,9.2089,365,24.3,14.6193
2,129,42.0075,0.84,550.1,1362.14,1139.66,138.5,2212.11,8330.35,42.11,130.51,2388.18,9.4018,332,10.66,6.3347
2,130,42.0043,0.84,549.79,1357.77,1124.62,138.54,2212.05,8342.9,42.12,129.8,2388.12,9.3742,330,10.42,6.235
2,131,24.9991,0.62,536.79,1272.68,1052.99,174.9,1915.51,8025.93,36.82,164.36,2028.35,10.9279,306,14.37,8.514
2,132,20.0049,0.7018,607.11,1487.01,1250.04,334.87,2324.07,8733.63,44.37,315.27,2388.19,9.23,365,24.49,14.6233
2,133,35.0014,0.84,555.78,1368.48,1131.22,194.59,2223.12,8362.37,41.89,183.01,2388.24,9.3388,334,14.89,8.8704
2,134,42.0039,0.84,549.56,1360.87,1133.74,138.15,2212.08,8338.98,42.09,130.15,2388.2,9.361,331,10.55,6.3153
2,135,20.0007,0.7,607.66,1479.61,1244.8,334.76,2324.1,8737.32,44.44,315.58,2388.18,9.2541,364,24.47,14.7065
2,136,41.9999,0.8403,549.69,1354.75,1129.02,138.57,2212.02,8336.37,42.05,130.22,2388.07,9.3524,332,10.58,6.5044
2,137,35.0007,0.841,555.41,1366.19,1132.71,194.12,2223.09,8359.11,41.97,182.69,2388.21,9.3278,334,14.78,8.9183
2,138,34.9982,0.8407,556.14,1370.54,1132.24,194.21,2223.05,8357.81,41.87,183.48,2388.17,9.3242,334,14.88,8.8869
2,139,0.0009,0.0003,642.69,1587.19,1408.64,553.29,2388.08,9069.38,47.43,521.73,2388.05,8.4253,392,38.9,23.166
2,140,19.9989,0.7,607.19,1489.1,1248.12,334.39,2324.02,8727.71,44.62,315.25,2388.16,9.2534,365,24.61,14.7251
2,141,42.0059,0.84,549.73,1354.74,1126.26,139.06,2212.08,8334.85,42.15,130.43,2388.14,9.3997,331,10.37,6.3645
2,142,35.006,0.8403,555.1,1366.02,1129.0,194.14,2223.12,8362.8,42.19,183.27,2388.23,9.3111,334,14.69,8.9454
2,143,20.0076,0.7018,607.59,1488.39,1257.01,334.48,2324.04,8733.72,44.25,315.13,2388.14,9.2413,365,24.34,14.6158
2,144,0.0023,0.0019,642.85,1586.72,1416.83,553.32,2388.06,9077.51,47.7,521.16,2388.08,8.4928,393,38.73,23.3316
2,145,35.0006,0.8411,555.94,1367.98,1127.45,195.3,2223.11,8360.65,42.01,182.69,2388.23,9.3511,334,14.8,9.021
2,146,35.0027,0.8408,555.81,1371.41,1133.22,194.38,2223.17,8359.18,41.9,183.03,2388.26,9.3246,336,14.75,8.8966
2,147,42.0066,0.8409,549.84,1354.79,1136.0,138.61,2211.99,8327.57,42.21,130.13,2388.04,9.3832,331,10.48,6.3186
2,148,25.0022,0.62,536.9,1259.58,1052.82,175.27,1915.47,8023.64,36.83,165.07,2028.38,10.9038,307,14.41,8.5818
2,149,25.0026,0.6214,537.23,1265.72,1048.88,175.98,1915.49,8024.61,36.78,164.34,2028.41,10.8994,307,14.26,8.6563
2,150,35.0074,0.8416,556.34,1364.57,1129.43,194.05,2223.13,8366.85,41.92,182.55,2388.26,9.2953,335,14.73,8.9499
2,151,19.9989,0.7007,607.07,1481.72,1253.67,334.09,2324.03,8740.76,44.41,315.2,2388.16,9.2439,365,24.51,14.768
2,152,20.0035,0.7,607.4,1478.43,1250.11,334.73,2324.07,8738.68,44.4,314.67,2388.21,9.2545,364,24.35,14.7073
2,153,42.006,0.8404,549.4,1358.4,1135.55,138.46,2212.05,8340.0,42.12,130.18,2388.18,9.3716,330,10.67,6.3165
2,154,35.0002,0.8419,556.2,1365.55,1138.5,193.94,2223.13,8360.99,41.92,182.82,2388.19,9.2998,335,14.75,8.7583
2,155,25.0062,0.6217,536.37,1259.54,1056.03,175.32,1915.53,8022.27,36.75,164.94,2028.42,10.882,308,14.36,8.6687
2,156,42.0036,0.8409,549.16,1359.84,1125.06,138.31,2212.07,8333.11,42.26,130.67,2388.18,9.3764,332,10.4,6.3102
2,157,42.0024,0.8415,550.16,1357.85,1133.74,138.7,2212.12,8346.57,42.23,130.59,2388.23,9.358,330,10.72,6.3336
2,158,20.0079,0.7,607.66,1485.92,1251.31,334.61,2324.04,8737.36,44.43,314.57,2388.23,9.2625,364,24.11,14.6706
2,159,9.9992,0.25,605.4,1502.1,1307.28,395.06,2318.98,8790.79,45.6,371.42,2388.16,8.6715,370,28.34,17.1111
2,160,42.0058,0.8401,549.96,1358.08,1132.38,138.24,2212.1,8334.01,42.2,130.67,2388.21,9.3702,331,10.43,6.2858
2,161,0.0024,0.0,642.64,1589.65,1412.26,553.32,2388.09,9077.16,47.72,521.3,2388.04,8.429,395,38.86,23.2891
2,162,19.9998,0.7,607.73,1484.28,1255.25,334.93,2324.08,8735.97,44.54,314.78,2388.18,9.2464,365,24.53,14.6512
2,163,10.0036,0.2507,604.61,1502.19,1307.71,394.41,2318.97,8787.97,45.4,371.43,2388.16,8.6779,371,28.46,17.1513
2,164,20.0051,0.7005,607.47,1484.88,1256.95,334.22,2324.05,8736.06,44.5,315.39,2388.22,9.2261,365,24.62,14.7125
2,165,0.0016,0.0006,642.58,1591.06,1413.77,553.28,2388.09,9077.24,47.56,521.22,2388.1,8.4466,392,38.65,23.2477
2,166,25.0042,0.62,537.17,1268.57,1049.1,175.54,1915.51,8024.51,36.83,164.8,2028.37,10.9447,308,14.03,8.5636
2,167,0.0006,0.0007,642.99,1592.2,1407.81,553.15,2388.13,9069.49,47.58,521.07,2388.14,8.4884,393,38.88,23.2729
2,168,42.0039,0.842,550.28,1352.44,1130.04,138.65,2212.05,8330.96,42.33,130.28,2388.17,9.3994,332,10.63,6.263
2,169,35.0005,0.8409,555.94,1366.11,1131.75,193.94,2223.13,8356.85,42.1,183.29,2388.27,9.3475,334,14.81,8.9078
2,170,42.0004,0.8408,549.37,1358.28,1140.09,138.27,2212.06,8334.38,42.24,131.25,2388.16,9.3626,332,10.69,6.3413
2,171,19.9981,0.7,607.2,1490.45,1259.97,334.15,2324.08,8734.33,44.49,314.74,2388.21,9.2596,366,24.24,14.6276
2,172,25.0063,0.62,537.05,1265.74,1046.13,175.22,1915.53,8022.02,36.83,165.1,2028.44,10.8899,308,14.43,8.5345
2,173,20.001,0.7004,607.1,1484.43,1256.62,334.47,2324.09,8731.31,44.58,314.51,2388.21,9.2182,365,24.43,14.6625
2,174,42.0001,0.84,550.08,1353.04,1127.31,139.19,2212.11,8328.5,42.17,129.83,2388.24,9.3675,329,10.74,6.3727
2,175,41.9988,0.8405,549.68,1349.67,1125.87,138.67,2212.05,8344.56,42.39,130.73,2388.19,9.3804,330,10.72,6.3631
2,176,42.0037,0.8411,550.16,1347.04,1133.45,138.65,2212.08,8325.39,42.18,130.5,2388.2,9.4028,331,10.63,6.3624
2,177,25.0046,0.62,536.97,1267.17,1059.84,176.16,1915.53,8022.71,36.94,164.67,2028.37,10.9275,309,14.36,8.4832
2,178,10.0053,0.2519,605.37,1505.52,1311.59,394.76,2318.99,8791.48,45.61,370.8,2388.17,8.677,370,28.54,17.0188
2,179,35.0049,0.8418,556.15,1371.61,1136.27,194.51,2223.2,8359.82,42.31,182.26,2388.25,9.3396,335,14.73,8.9046
2,180,42.0051,0.84,549.37,1358.51,1134.75,138.49,2212.14,8336.62,42.26,130.48,2388.24,9.3745,332,10.55,6.3264
2,181,0.002,0.0,642.65,1588.54,1421.71,552.48,2388.05,9074.85,47.63,521.73,2388.16,8.4397,395,38.89,23.2745
2,182,35.0025,0.84,556.15,1367.24,1134.15,194.22,2223.22,8367.3,42.07,183.58,2388.33,9.3265,334,14.77,8.9519
2,183,10.0054,0.25,604.62,1508.13,1318.78,394.08,2318.94,8795.37,45.85,371.54,2388.2,8.6838,370,28.62,17.1063
2,184,35.004,0.84,556.03,1363.07,1123.45,194.89,2223.19,8367.8,42.19,182.9,2388.37,9.3345,335,14.77,8.8789
2,185,0.0006,0.0002,642.91,1590.55,1406.65,553.67,2388.07,9085.15,47.64,521.03,2388.11,8.471,394,38.87,23.2929
2,186,35.0043,0.84,556.48,1375.38,1131.75,194.02,2223.18,8365.68,42.1,183.34,2388.27,9.4055,335,14.65,8.7224
2,187,20.0037,0.7004,608.06,1490.84,1262.63,333.97,2324.08,8739.92,44.56,314.92,2388.22,9.2979,366,24.4,14.7633
2,188,20.008,0.7,607.78,1488.73,1254.09,334.66,2324.11,8739.24,44.4,314.67,2388.25,9.2597,366,24.23,14.746
2,189,25.008,0.62,536.42,1262.08,1052.3,174.82,1915.49,8026.41,36.78,164.49,2028.47,10.9247,307,14.23,8.6529
2,190,10.0054,0.2501,604.9,1503.57,1317.93,393.37,2319.02,8792.44,45.47,371.38,2388.2,8.6218,370,28.44,17.0509
2,191,42.0016,0.8416,549.91,1355.22,1131.44,138.64,2212.13,8327.0,42.28,130.71,2388.2,9.3837,331,10.65,6.3278
2,192,42.0068,0.8408,549.54,1358.92,1130.96,138.59,2212.13,8345.07,42.36,130.57,2388.22,9.367,333,10.44,6.1978
2,193,41.9984,0.84,550.05,1361.84,1136.54,139.6,2212.1,8337.04,42.27,130.44,2388.21,9.4005,331,10.5,6.3403
2,194,10.0057,0.25,605.31,1503.11,1308.28,393.7,2319.02,8794.65,45.78,370.99,2388.21,8.6554,370,28.35,16.9826
2,195,0.0029,0.0012,643.39,1596.99,1421.3,553.36,2388.17,9076.03,47.66,520.88,2388.15,8.4536,393,38.73,23.2699
2,196,41.9994,0.84,549.39,1358.3,1123.29,138.35,2212.12,8341.15,42.22,130.77,2388.23,9.3714,331,10.66,6.355
2,197,35.0024,0.8408,556.33,1364.07,1128.92,193.72,2223.2,8369.48,41.97,183.45,2388.36,9.3633,334,14.81,8.8645
2,198,9.9986,0.2505,605.24,1509.36,1320.0,393.75,2319.03,8796.72,45.65,370.67,2388.23,8.6857,371,28.49,17.1423
2,199,42.0057,0.8418,550.12,1359.52,1130.1,138.34,2212.15,8344.58,42.3,130.71,2388.26,9.406,332,10.68,6.3106
2,200,0.0028,0.0013,643.47,1585.34,1418.8,552.42,2388.1,9079.84,47.69,520.95,2388.09,8.4896,393,38.75,23.2797
2,201,35.0014,0.8401,556.68,1374.22,1136.97,194.5,2223.23,8370.0,42.16,183.09,2388.38,9.3568,334,14.86,8.8747
2,202,10.0044,0.2509,604.91,1510.17,1318.07,394.41,2319.03,8799.48,45.89,371.32,2388.19,8.6989,371,28.41,17.0162
2,203,19.9993,0.7,607.68,1489.22,1254.87,334.73,2324.2,8751.48,44.59,314.7,2388.23,9.2497,366,24.27,14.572
2,204,34.9985,0.84,556.09,1371.34,1135.79,194.91,2223.25,8363.56,42.22,183.24,2388.33,9.3372,336,15.04,8.9174
2,205,42.0028,0.8414,550.1,1363.39,1133.33,138.06,2212.17,8343.41,42.45,130.75,2388.25,9.3915,334,10.55,6.3158
2,206,20.0067,0.7,607.83,1492.37,1253.94,333.85,2324.07,8738.96,44.67,314.01,2388.25,9.3089,366,24.4,14.6409
2,207,10.0001,0.25,605.5,1500.62,1317.69,393.97,2319.01,8798.38,45.52,370.7,2388.28,8.7296,370,28.51,17.0699
2,208,42.0003,0.84,550.74,1363.96,1128.95,138.5,2212.16,8335.58,42.54,130.25,2388.31,9.3766,331,10.64,6.3722
2,209,25.0056,0.62,537.2,1277.86,1059.99,176.06,1915.56,8029.16,36.92,164.4,2028.42,10.93,308,14.05,8.549
2,210,9.9986,0.25,605.11,1509.73,1317.27,393.36,2319.0,8800.51,45.6,370.8,2388.24,8.7132,372,28.39,17.0696
2,211,34.9997,0.84,555.87,1371.55,1136.05,194.86,2223.21,8366.73,42.22,182.68,2388.33,9.3505,335,14.7,8.8236
2,212,34.9981,0.84,555.92,1379.6,1137.17,194.72,2223.24,8364.22,41.88,182.85,2388.28,9.3779,334,14.66,8.7865
2,213,35.0033,0.8402,556.08,1367.73,1137.77,194.75,2223.21,8369.33,42.11,182.42,2388.31,9.3736,333,14.63,8.8554
2,214,20.0068,0.7004,608.03,1490.85,1258.51,333.71,2324.13,8749.01,44.44,314.8,2388.24,9.236,366,24.32,14.6548
2,215,0.0022,0.0,643.37,1597.65,1420.15,552.19,2388.09,9085.32,47.82,520.91,2388.17,8.4697,393,38.59,23.2124
2,216,10.0078,0.2505,605.13,1507.01,1314.74,393.4,2319.04,8795.4,45.79,371.66,2388.25,8.6803,370,28.3,16.8651
2,217,20.002,0.7016,607.79,1489.47,1257.17,333.71,2324.13,8745.18,44.82,314.49,2388.28,9.3217,368,24.14,14.6313
2,218,41.9994,0.84,549.73,1360.89,1135.5,138.62,2212.15,8338.4,42.45,130.23,2388.25,9.422,331,10.57,6.3908
2,219,0.0012,0.0,643.09,1596.01,1417.37,553.44,2388.06,9077.09,47.91,520.69,2388.14,8.4689,393,38.56,23.1532
2,220,25.0032,0.62,536.81,1269.73,1054.3,175.37,1915.55,8028.44,37.05,164.06,2028.51,10.9331,308,14.27,8.5716
2,221,25.0006,0.62,536.63,1271.4,1052.42,175.59,1915.55,8023.96,36.93,164.32,2028.47,10.9801,308,14.19,8.4716
2,222,42.0042,0.84,550.12,1360.06,1138.76,138.13,2212.15,8334.03,42.48,130.26,2388.29,9.3985,333,10.51,6.3887
2,223,10.0059,0.2512,605.67,1506.98,1321.41,393.9,2319.02,8801.65,45.97,371.27,2388.23,8.6984,370,28.35,17.0624
2,224,41.9986,0.84,549.85,1359.13,1130.08,138.82,2212.21,8349.63,42.44,130.87,2388.28,9.4145,331,10.54,6.4203
2,225,35.0014,0.84,555.88,1369.54,1135.25,194.47,2223.24,8379.32,42.24,182.53,2388.38,9.3999,337,14.78,8.939
2,226,0.0009,0.0006,642.93,1591.61,1416.32,552.38,2388.16,9075.08,47.69,520.85,2388.17,8.4427,397,38.67,23.1905
2,227,10.0015,0.25,605.4,1510.7,1324.21,393.68,2319.04,8801.34,45.81,371.16,2388.29,8.7145,371,28.47,17.0299
2,228,35.0032,0.8413,556.15,1368.87,1138.7,194.59,2223.28,8375.67,42.21,182.75,2388.4,9.3694,335,14.85,8.8158
2,229,20.0071,0.7,608.14,1493.11,1261.36,334.5,2324.15,8743.96,44.71,314.65,2388.33,9.2823,368,24.27,14.5472
2,230,41.9987,0.8402,549.83,1356.58,1130.32,138.61,2212.24,8345.67,42.56,130.41,2388.32,9.406,333,10.59,6.3626
2,231,42.0033,0.8418,550.08,1365.64,1138.84,139.27,2212.15,8342.83,42.46,130.5,2388.31,9.432,333,10.38,6.2
2,232,42.0052,0.84,550.49,1367.51,1130.82,138.32,2212.22,8351.96,42.19,130.42,2388.31,9.417,330,10.68,6.3777
2,233,35.0078,0.84,556.16,1369.15,1144.0,193.77,2223.31,8369.99,42.15,183.17,2388.41,9.385,337,14.9,8.9231
2,234,10.0033,0.25,605.63,1506.49,1323.07,393.38,2319.05,8801.21,45.79,371.31,2388.24,8.6975,372,28.2,16.9744
2,235,35.0022,0.8419,556.68,1373.45,1135.1,193.88,2223.27,8369.74,42.29,182.68,2388.42,9.3753,336,14.83,8.875
2,236,35.0019,0.84,555.82,1371.15,1143.56,194.63,2223.25,8367.26,42.42,182.61,2388.37,9.3729,336,14.64,8.8052
2,237,41.9998,0.84,550.78,1369.6,1137.99,138.42,2212.24,8346.5,42.51,130.7,2388.26,9.4015,333,10.61,6.2963
2,238,25.0044,0.62,537.2,1270.84,1061.88,174.72,1915.73,8032.35,36.96,164.22,2028.6,10.9917,308,14.3,8.5654
2,239,42.0023,0.8408,550.77,1358.01,1134.32,138.85,2212.24,8350.43,42.47,130.59,2388.3,9.391,332,10.58,6.3346
2,240,42.0031,0.8409,550.28,1366.68,1135.98,138.44,2212.24,8353.28,42.53,130.47,2388.34,9.3893,332,10.64,6.4081
2,241,20.0027,0.7003,607.86,1492.28,1262.41,334.57,2324.2,8751.74,44.86,314.49,2388.31,9.2608,366,24.25,14.5495
2,242,41.9988,0.84,550.29,1360.03,1134.93,138.23,2212.17,8346.96,42.53,130.1,2388.29,9.4046,333,10.62,6.2832
2,243,25.0036,0.6207,537.04,1265.13,1063.11,174.97,1915.71,8033.42,37.0,164.1,2028.58,10.9993,310,14.19,8.5211
2,244,42.0021,0.84,549.68,1361.65,1140.43,138.1,2212.23,8352.86,42.49,130.6,2388.29,9.458,333,10.79,6.2143
2,245,20.0053,0.7,608.26,1492.74,1266.08,334.34,2324.19,8749.24,44.79,314.08,2388.37,9.2747,368,24.42,14.6174
2,246,35.0034,0.8403,556.41,1371.8,1144.54,193.93,2223.3,8375.11,42.37,182.78,2388.49,9.3964,335,14.8,8.9253
2,247,0.0021,0.0002,643.47,1599.34,1423.26,552.51,2388.21,9083.42,48.04,520.16,2388.19,8.5033,397,38.6,23.1899
2,248,24.999,0.62,537.13,1272.03,1054.98,175.31,1915.68,8030.77,37.06,164.2,2028.61,10.9761,307,13.93,8.4979
2,249,10.0,0.251,605.87,1513.62,1319.73,393.87,2319.13,8802.84,46.16,370.54,2388.34,8.7503,369,28.31,17.0604
2,250,42.0049,0.84,550.35,1359.61,1139.88,137.84,2212.27,8351.34,42.48,130.52,2388.36,9.414,332,10.47,6.3522
2,251,35.0054,0.8418,556.48,1369.68,1143.95,194.11,2223.38,8372.14,42.17,182.59,2388.52,9.3671,337,14.69,8.7838
2,252,20.0012,0.7,608.77,1490.45,1270.66,333.45,2324.23,8755.27,44.8,314.19,2388.36,9.3154,366,24.3,14.5652
2,253,25.0045,0.621,537.54,1270.39,1055.82,175.01,1915.61,8029.37,36.98,164.09,2028.62,11.0364,310,14.16,8.6049
2,254,35.0078,0.8413,556.57,1371.21,1141.6,194.02,2223.35,8387.54,42.5,182.38,2388.53,9.4007,335,14.74,8.8177
2,255,25.0072,0.6213,537.4,1264.88,1061.17,174.86,1915.71,8033.9,37.19,164.0,2028.6,11.0064,310,14.16,8.505
2,256,20.0062,0.7005,608.42,1495.86,1269.17,334.0,2324.3,8750.79,45.0,314.05,2388.38,9.2828,367,24.39,14.4966
2,257,10.0077,0.25,605.1,1510.17,1322.97,393.25,2319.12,8805.67,46.0,370.52,2388.4,8.6926,371,28.24,17.0226
2,258,10.0064,0.25,605.78,1515.99,1325.82,393.13,2319.13,8806.83,46.04,370.4,2388.38,8.7267,370,28.12,17.0433
2,259,41.999,0.84,550.04,1365.59,1142.64,138.28,2212.25,8349.79,42.64,130.93,2388.37,9.4038,333,10.54,6.33
2,260,0.0001,0.0008,643.87,1602.29,1427.31,551.84,2388.21,9088.63,47.84,520.64,2388.17,8.5147,396,38.7,23.059
2,261,10.0028,0.25,605.54,1508.8,1332.08,392.92,2319.15,8813.51,45.97,370.74,2388.39,8.7322,373,28.29,16.9218
2,262,0.0017,0.0006,643.81,1599.87,1427.57,551.75,2388.22,9092.23,47.94,520.1,2388.22,8.477,395,38.48,23.1148
2,263,42.0029,0.84,550.57,1359.26,1140.65,137.97,2212.32,8356.22,42.73,130.0,2388.44,9.4189,334,10.43,6.4379
2,264,25.0021,0.62,537.53,1274.74,1061.0,175.12,1915.72,8040.11,37.14,163.96,2028.68,11.0305,311,14.17,8.5272
2,265,10.0055,0.2514,605.84,1513.76,1334.65,392.53,2319.14,8814.26,46.04,370.12,2388.33,8.74,373,28.36,16.9751
2,266,0.0006,0.0,643.56,1598.11,1426.34,551.31,2388.22,9089.93,48.2,519.65,2388.21,8.5163,395,38.53,23.097
2,267,25.0059,0.62,537.55,1275.6,1056.12,174.92,1915.73,8046.69,37.22,164.64,2028.67,11.019,309,14.21,8.5926
2,268,25.0001,0.6201,537.14,1274.02,1069.06,174.96,1915.76,8038.77,37.22,163.33,2028.65,11.04,310,13.99,8.3873
2,269,42.0047,0.8411,550.11,1368.75,1146.65,138.61,2212.32,8358.8,42.64,129.76,2388.42,9.4315,334,10.56,6.2615
3,1,25.0071,0.62,536.12,1259.83,1051.85,175.55,1915.4,8007.99,36.54,164.49,2028.27,10.8783,307,14.16,8.612
3,2,25.0076,0.6203,536.57,1260.76,1043.29,175.49,1915.39,8012.47,36.83,164.91,2028.28,10.8474,306,14.41,8.5777
3,3,20.0039,0.7,607.8,1480.27,1249.02,335.14,2323.93,8726.83,44.39,315.0,2388.05,9.184,365,24.51,14.7182
3,4,9.9996,0.25,604.12,1493.38,1303.19,395.42,2318.92,8782.03,45.23,372.03,2388.11,8.6583,368,28.85,17.2536
3,5,25.0001,0.6205,536.88,1258.02,1047.33,176.31,1915.35,8014.19,36.53,164.94,2028.21,10.864,308,14.4,8.6941
3,6,0.0017,0.0,642.19,1590.39,1397.81,554.54,2388.01,9052.06,47.08,521.89,2388.07,8.3875,392,39.03,23.4735
3,7,20.002,0.7,607.68,1484.61,1241.16,335.41,2323.97,8720.63,44.21,314.8,2388.06,9.1878,363,24.59,14.7208
3,8,25.0075,0.6207,536.59,1257.82,1042.9,175.67,1915.36,8010.14,36.63,164.54,2028.32,10.8327,306,14.36,8.6108
3,9,10.0069,0.25,604.93,1495.57,1300.82,394.69,2318.86,8776.93,45.3,371.96,2388.03,8.6406,368,28.57,17.2594
3,10,42.0046,0.84,549.46,1343.19,1118.3,139.15,2211.92,8328.85,41.95,130.6,2388.04,9.3156,332,10.63,6.4538
3,11,20.0025,0.7,607.28,1480.69,1247.28,334.75,2323.93,8716.98,44.56,315.81,2388.02,9.1733,364,24.62,14.7409
3,12,0.0004,0.0012,642.65,1583.03,1399.95,554.07,2388.05,9058.58,47.25,521.98,2388.03,8.3688,393,38.9,23.345
3,13,20.0063,0.7018,607.48,1479.39,1246.75,334.92,2323.94,8727.47,44.15,315.45,2388.01,9.1754,364,24.55,14.7695
3,14,42.0006,0.8411,549.54,1349.4,1117.04,138.65,2211.93,8322.1,41.96,130.6,2388.02,9.3553,332,10.69,6.3581
3,15,42.0056,0.84,549.46,1347.43,1122.36,139.37,2211.92,8321.3,41.93,130.45,2388.01,9.3423,330,10.56,6.2373
3,16,42.0059,0.8404,549.21,1342.98,1118.77,139.02,2211.97,8319.3,41.93,130.4,2388.08,9.3303,329,10.64,6.4624
3,17,20.0031,0.7007,607.17,1479.88,1246.8,335.61,2323.93,8726.47,44.13,315.31,2388.03,9.2039,363,24.48,14.7821
3,18,25.0077,0.6208,536.94,1264.82,1037.09,175.61,1915.37,8013.55,36.78,165.37,2028.27,10.8567,306,14.33,8.5902
3,19,35.0006,0.8408,555.29,1361.06,1121.49,194.86,2222.98,8353.44,41.74,183.35,2388.04,9.2972,333,14.99,8.8164
3,20,20.0013,0.7,607.23,1482.39,1245.37,335.11,2323.91,8726.85,44.24,315.38,2388.07,9.1851,364,24.51,14.8698
3,21,25.0061,0.6209,536.55,1261.03,1040.72,175.13,1915.33,8011.96,36.53,165.14,2028.27,10.8499,306,14.43,8.5646
3,22,42.0071,0.84,549.74,1353.68,1124.6,139.36,2211.96,8324.4,42.09,130.99,2388.08,9.3024,331,10.6,6.323
3,23,42.0062,0.8412,549.18,1351.14,1124.6,138.4